theme,themeNumber
the blanket,Sing
something,Sing
the car,Sing
the weapon,Sing
the book,Sing
some food,Sing
the idea,Sing
some candy,Sing
the truth,Sing
the favor,Sing
the home,Sing
some goods,Plur
the point,Sing
the bonus,Plur
some books,Plur
the packages,Plur
the gift,Sing
the van,Sing
some results,Plur
the money,Sing
some questions,Plur
the suggestion,Sing
the estate,Sing
the ball,Sing
the floor,Sing
the gospel,Sing
the house,Sing
the message,Sing
the food,Sing
the drink,Sing
the job,Sing
the dinner,Sing
the students,Plur
the loan,Sing
some advice,Sing
the note,Sing
the box,Sing
the chair,Sing
the dice,Plur
some money,Sing
the basket,Sing
the information,Sing
some gas,NA
some instruments,Plur
the hamper,Sing
some equipment,NA
the amount,Sing
the funds,Plur
the package,Sing
some land,Sing
the results,Plur
the fruit,NA
the opportunity,Sing
the boat,Sing
some papers,Plur
the cement,NA
the wood,NA
ten bucks,Plur
some news,Plur
some milk,NA
some coffee,NA
the goods,Plur
the responsibility,Sing
the shoe,Sing
the rent,Sing
some potatoes,Plur
the  supplies,Plur
some groceries,Plur
some directions,Plur
the question,Sing
the cake,Sing
the passage,Sing
the newspaper,Sing
some handbags,Plur
the questions,Plur
the piece,Sing
some weapons,Plur
the bird,Sing
her entire fortune,Sing
the apartment,Sing
some medicine,NA
the tale,Sing
the suitcase,Sing
the news,Sing
the way,Sing
the salt,Sing
her hand,Sing
the football,Sing
the bananas,Plur
the key,Sing
the sandwich,Sing
the supplies,Plur
some tickets,Plur
the hat,Sing
the city,Sing
some instructions,Plur
some information,Sing
the coin,Sing
the bag,Sing
the article,Sing
some findings,Plur
the vacation,Sing
the letter,Sing
the courtesy,Sing
the fee,Sing
the jacket,Sing
the payment,Sing
some cake,Sing
some cookies,Plur
some funds,Plur
the space,Sing
some comment,Sing
the truck,Sing
the room,Sing
some suitcases,Plur
the tickets,Plur
the time,Sing
the trophy,Sing
the contents,Plur
some furniture,Sing
her intentions,Plur
the baseball,Sing
the instructons,Plur
the rights,Plur
the present,Sing
fifteen percent,Sing
the victory,Sing
another chance,Sing
the buckets,Plur
snake-oil,Sing
some water,Sing
the reserves,Plur
the e-mail,Sing
the lines,Plur
some supplies,Plur
the apples,Plur
the look,Sing
the speech,Sing
the meal,Sing
some pictures,Plur
the plate,Sing
the finger,Sing
the magic potion,Sing
some fruit,Plur
some souvenirs,Plur
her signature,Sing
two tickets,Plur
the clothes,Plur
some peace,Sing
some comfort,Sing
the copy,Sing
the greetings,Plur
some leftovers,Plur
some space,Sing
the glass,Sing
permission,Sing
the packet,Sing