themeHead,themeAnimacy
action,Not Concrete
advice,Not Concrete
allegiance,Not Concrete
amount,Not Concrete
answer,Not Concrete
antidote,Not Concrete
apartment,Concrete
apology,Not Concrete
apple,Concrete
apples,Concrete
applicants,Human
approval,Not Concrete
argument,Not Concrete
aria,Not Concrete
article,Not Concrete
assistant,Concrete
bag,Concrete
ball,Concrete
bananas,Concrete
band,Concrete
baseball,Concrete
basket,Concrete
beer,Concrete
belief,Not Concrete
bike,Concrete
bird,Concrete
blanket,Concrete
blankets,Concrete
boat,Concrete
bonus,Not Concrete
book,Concrete
books,Concrete
bottle,Concrete
box,Concrete
boxes,Concrete
bucket,Concrete
buckets,Concrete
bucks,Concrete
cake,Concrete
can,Concrete
candidate,Concrete
candle,Concrete
candy,Concrete
canoe,Concrete
car,Concrete
carton,Concrete
case,Not Concrete
cash,Not Concrete
cement,Concrete
chair,Concrete
chance,Not Concrete
charge,Not Concrete
check,Concrete
child,Human
city,Concrete
clothes,Concrete
coffee,Concrete
coin,Concrete
comfort,Not Concrete
comment,Not Concrete
commitment,Not Concrete
complaint,Not Concrete
complaints,Not Concrete
compliment,Not Concrete
concept,Not Concrete
condolences,Not Concrete
container,Concrete
containers,Concrete
contents,Concrete
cookie,Concrete
cookies,Concrete
copy,Concrete
courtesy,Not Concrete
curse,Not Concrete
curve-ball,Not Concrete
curveball,Not Concrete
dance move,Not Concrete
deadline,Not Concrete
decision,Not Concrete
desk,Concrete
dice,Concrete
dinner,Concrete
direction,Not Concrete
directions,Not Concrete
discomfort,Not Concrete
displeasure,Not Concrete
documents,Concrete
dollar,Not Concrete
drink,Concrete
e-mail,Not Concrete
earnings,Not Concrete
email,Not Concrete
end,Time
equipment,Concrete
error,Not Concrete
estate,Not Concrete
fact,Not Concrete
facts,Not Concrete
farewell,Not Concrete
fastball,Concrete
favor,Not Concrete
fee,Not Concrete
feelings,Not Concrete
file,Concrete
findings,Not Concrete
fine,Not Concrete
finger,Concrete
first aid,Not Concrete
floor,Concrete
flyers,Concrete
food,Concrete
football,Concrete
footrest,Concrete
form,Not Concrete
formation,Not Concrete
forms,Concrete
fortune,Not Concrete
foul ball,Concrete
fruit,Concrete
funds,Not Concrete
furniture,Concrete
game,Not Concrete
gas,Concrete
gift,Concrete
glance,Not Concrete
glass,Concrete
good-wishes,Not Concrete
goodbye,Not Concrete
goods,Concrete
goodwill,Not Concrete
gospel,Not Concrete
gossip,Not Concrete
grand,Not Concrete
greeting,Not Concrete
greetings,Not Concrete
gripe,Not Concrete
groceries,Concrete
guideline,Not Concrete
guidelines,Not Concrete
guns,Concrete
hammer,Concrete
hamper,Concrete
hand,Concrete
handbags,Concrete
hat,Concrete
headline,Not Concrete
headlines,Not Concrete
hello,Not Concrete
hierloom,Concrete
home,Place
house,Concrete
idea,Not Concrete
information,Not Concrete
instructions,Not Concrete
instructons,Not Concrete
instrument,Concrete
instruments,Concrete
intention,Not Concrete
intentions,Not Concrete
invitation,Not Concrete
jacket,Concrete
job,Not Concrete
kayak,Concrete
key,Concrete
knife,Concrete
ladder,Concrete
lament,Not Concrete
land,Concrete
large sum,Not Concrete
law,Not Concrete
leftovers,Concrete
letter,Concrete
lines,Not Concrete
loan,Not Concrete
location,Not Concrete
look,Not Concrete
lullaby,Not Concrete
lyrics,Not Concrete
meal,Concrete
meals,Concrete
medicine,Concrete
melody,Not Concrete
message,Not Concrete
milk,Concrete
miracle,Not Concrete
mistake,Not Concrete
money,Not Concrete
move,Not Concrete
movie,Not Concrete
name,Not Concrete
necklace,Concrete
new findings,Not Concrete
new results,Not Concrete
news,Not Concrete
newspaper,Concrete
noises,Not Concrete
note,Concrete
numbers,Not Concrete
offer,Not Concrete
opportunity,Not Concrete
order,Not Concrete
outcome,Not Concrete
ownership,Not Concrete
package,Concrete
packages,Concrete
packet,Concrete
painting,Concrete
paintings,Concrete
papers,Concrete
passage,Not Concrete
payment,Not Concrete
peace,Not Concrete
pencils,Concrete
percent,Not Concrete
percentage,Not Concrete
permission,Not Concrete
photograph,Concrete
picture,Not Concrete
pictures,Concrete
piece,Concrete
pill,Concrete
plan,Not Concrete
plate,Concrete
play,Not Concrete
plea,Not Concrete
poem,Not Concrete
point,Not Concrete
portrait,Not Concrete
position,Not Concrete
potatoes,Concrete
potion,Concrete
power,Not Concrete
prayer,Not Concrete
present,Concrete
problem,Not Concrete
proposal,Not Concrete
quarter,Concrete
queries,Not Concrete
question,Not Concrete
questions,Not Concrete
quote,Not Concrete
raise,Not Concrete
refund,Not Concrete
remark,Not Concrete
remarks,Not Concrete
rent,Not Concrete
reply,Not Concrete
report,Not Concrete
request,Not Concrete
reserves,Not Concrete
resignation,Not Concrete
response,Not Concrete
responsibility,Not Concrete
result,Not Concrete
results,Not Concrete
rights,Not Concrete
road,Concrete
room,Concrete
rope,Concrete
rubberband,Concrete
rule,Not Concrete
rules,Not Concrete
rumor,Not Concrete
salt,Concrete
sandwich,Concrete
scooter,Concrete
score,Not Concrete
sculpture,Concrete
seat,Concrete
secret,Not Concrete
sentence,Not Concrete
sentiment,Not Concrete
sermon,Not Concrete
shipment,Concrete
shirt,Concrete
shoe,Concrete
show,Not Concrete
signal,Not Concrete
signature,Concrete
slip-up,Not Concrete
slogan,Not Concrete
snake-oil,Not Concrete
soda,Concrete
software,Not Concrete
soldiers,Concrete
something,Concrete
song,Not Concrete
sounds,Not Concrete
souvenirs,Concrete
space,Not Concrete
speech,Not Concrete
spot,Not Concrete
stability,Not Concrete
stick,Concrete
story,Not Concrete
students,Concrete
successes,Not Concrete
suggestion,Not Concrete
suitcase,Concrete
suitcases,Concrete
sum,Not Concrete
supplies,Concrete
support,Not Concrete
tale,Not Concrete
task,Not Concrete
tennis ball,Concrete
test,Not Concrete
text,Not Concrete
thanks,Not Concrete
theory,Not Concrete
thought,Not Concrete
threat,Not Concrete
ticket,Not Concrete
tickets,Not Concrete
time,Not Concrete
tool,Concrete
toy,Concrete
transgression,Not Concrete
trick,Not Concrete
trophy,Concrete
truck,Concrete
trucks,Concrete
truth,Not Concrete
tune,Not Concrete
vacation,Not Concrete
vaccine,Concrete
value,Not Concrete
van,Concrete
victory,Not Concrete
visit,Not Concrete
water,Concrete
way,Not Concrete
weapon,Concrete
weapons,Concrete
welcome,Not Concrete
win,Not Concrete
winner,Concrete
wood,Concrete
word,Not Concrete
words,Not Concrete